algorithm,precision_at_k,recall_at_k,ndcg_at_k,users_evaluated
sasrec,0.05513918629550321,0.11662477997905553,0.09430517288292983,467
mf_svd,0.028729478943611702,0.03568215718005322,0.03539770411218476,467
content_tfidf,0.010885082084225551,0.014676982951761132,0.015601957564875297,467
content_multi_hot,0.0053533190578158455,0.006887665730446104,0.0070968437595843896,467
knn,0.0023197715917201997,0.0026363163066759876,0.002199684421035337,467
